{
  "in_domain": {
    "resnet": {
      "Pneumothorax": {
        "n_total": 202,
        "n_positive": 7,
        "n_negative": 195,
        "auc": {
          "point": 0.9135531135531135,
          "lower": 0.8090266382935083,
          "upper": 0.9886363636363636,
          "std": 0.04628186047883287
        },
        "ece": {
          "point": 0.07952098098426763,
          "lower": 0.06185157964522444,
          "upper": 0.10739238878094247,
          "std": 0.011538926152607716
        },
        "brier": {
          "point": 0.03987720236182213,
          "lower": 0.02323833317495883,
          "upper": 0.059121009334921835,
          "std": 0.00927040019097183
        },
        "conf_on_incorrect": {
          "point": 0.7390915155410767,
          "lower": 0.6531843468546867,
          "upper": 0.8254076540470122,
          "std": 0.043094435145195814
        }
      },
      "Pleural Effusion": {
        "n_total": 202,
        "n_positive": 64,
        "n_negative": 138,
        "auc": {
          "point": 0.9321784420289856,
          "lower": 0.8970699200078042,
          "upper": 0.963259170345424,
          "std": 0.017071734068362515
        },
        "ece": {
          "point": 0.09973892423849885,
          "lower": 0.08450088953544012,
          "upper": 0.1510492287027548,
          "std": 0.017004291486503356
        },
        "brier": {
          "point": 0.10001640766859055,
          "lower": 0.07891196459531785,
          "upper": 0.12300342284142969,
          "std": 0.011137776548978679
        },
        "conf_on_incorrect": {
          "point": 0.670826256275177,
          "lower": 0.6313581421971322,
          "upper": 0.7126341700553894,
          "std": 0.020957206836290668
        }
      }
    },
    "densenet": {
      "Pneumothorax": {
        "n_total": 202,
        "n_positive": 7,
        "n_negative": 195,
        "auc": {
          "point": 0.9347985347985348,
          "lower": 0.8717850601779172,
          "upper": 0.9886363636363635,
          "std": 0.029452547434371038
        },
        "ece": {
          "point": 0.054120741784572615,
          "lower": 0.043254062777043946,
          "upper": 0.08133780130549416,
          "std": 0.009620173866161005
        },
        "brier": {
          "point": 0.03043462336063385,
          "lower": 0.01611148174852133,
          "upper": 0.048541201464831804,
          "std": 0.008381227649856052
        },
        "conf_on_incorrect": {
          "point": 0.6738042235374451,
          "lower": 0.5756117969751359,
          "upper": 0.785623998939991,
          "std": 0.05296944486826279
        }
      },
      "Pleural Effusion": {
        "n_total": 202,
        "n_positive": 64,
        "n_negative": 138,
        "auc": {
          "point": 0.9258378623188406,
          "lower": 0.8886997452760749,
          "upper": 0.9586167147820648,
          "std": 0.017791289678657802
        },
        "ece": {
          "point": 0.09331441773931577,
          "lower": 0.0851150898041554,
          "upper": 0.1485372990978384,
          "std": 0.01631759728568243
        },
        "brier": {
          "point": 0.10341629385948181,
          "lower": 0.08171390891075135,
          "upper": 0.12624984830617902,
          "std": 0.011262186170110338
        },
        "conf_on_incorrect": {
          "point": 0.6276533007621765,
          "lower": 0.594374367594719,
          "upper": 0.6640974596142769,
          "std": 0.017980759767304018
        }
      }
    }
  },
  "cross_domain_all": {
    "resnet": {
      "Pneumothorax": {
        "n_total": 1816,
        "n_positive": 108,
        "n_negative": 1708,
        "auc": {
          "point": 0.8364504727209645,
          "lower": 0.7948639502979199,
          "upper": 0.8748972109850067,
          "std": 0.020257833775503158
        },
        "ece": {
          "point": 0.022088772490095464,
          "lower": 0.0182775666498495,
          "upper": 0.034935235345222276,
          "std": 0.004155948058924005
        },
        "brier": {
          "point": 0.049438584595918655,
          "lower": 0.04159885123372078,
          "upper": 0.05740594174712896,
          "std": 0.004090248670152066
        },
        "conf_on_incorrect": {
          "point": 0.8328754305839539,
          "lower": 0.8070323586463928,
          "upper": 0.8576107159256935,
          "std": 0.013071231387742653
        }
      },
      "Pleural Effusion": {
        "n_total": 1702,
        "n_positive": 1095,
        "n_negative": 607,
        "auc": {
          "point": 0.8550277207314962,
          "lower": 0.8373655957430988,
          "upper": 0.8729228869393543,
          "std": 0.009248044183783163
        },
        "ece": {
          "point": 0.1811761318691749,
          "lower": 0.16291971512348966,
          "upper": 0.20001284932973776,
          "std": 0.009474803886365646
        },
        "brier": {
          "point": 0.18221665918827057,
          "lower": 0.1712495356798172,
          "upper": 0.19321624673902987,
          "std": 0.005611782201904485
        },
        "conf_on_incorrect": {
          "point": 0.7206678986549377,
          "lower": 0.7075048252940178,
          "upper": 0.7338420525193214,
          "std": 0.006675681808204418
        }
      }
    },
    "densenet": {
      "Pneumothorax": {
        "n_total": 1816,
        "n_positive": 108,
        "n_negative": 1708,
        "auc": {
          "point": 0.8096756006592072,
          "lower": 0.7627992732081885,
          "upper": 0.8518813121668136,
          "std": 0.022830261988688226
        },
        "ece": {
          "point": 0.04906723029205846,
          "lower": 0.04151237600904558,
          "upper": 0.06047029110360971,
          "std": 0.004898365199864944
        },
        "brier": {
          "point": 0.05698119103908539,
          "lower": 0.0491404315456748,
          "upper": 0.06526573896408078,
          "std": 0.004115829486939529
        },
        "conf_on_incorrect": {
          "point": 0.7910833358764648,
          "lower": 0.7651607662439347,
          "upper": 0.8179629072546959,
          "std": 0.013498458855395148
        }
      },
      "Pleural Effusion": {
        "n_total": 1702,
        "n_positive": 1095,
        "n_negative": 607,
        "auc": {
          "point": 0.8532238044729299,
          "lower": 0.8352956151118593,
          "upper": 0.8713569015390049,
          "std": 0.009400788501805098
        },
        "ece": {
          "point": 0.10047919690810345,
          "lower": 0.08372776082210182,
          "upper": 0.11944669394285475,
          "std": 0.009262091711425759
        },
        "brier": {
          "point": 0.15916796028614044,
          "lower": 0.14900040812790394,
          "upper": 0.16924714855849743,
          "std": 0.005264737976897021
        },
        "conf_on_incorrect": {
          "point": 0.7022674083709717,
          "lower": 0.6901536837220192,
          "upper": 0.7154146403074264,
          "std": 0.0064937445293063445
        }
      }
    }
  },
  "cross_domain_ts": {
    "resnet": {
      "Pneumothorax": {
        "n_total": 1816,
        "n_positive": 108,
        "n_negative": 1708,
        "auc": {
          "point": 0.8364504727209645,
          "lower": 0.7948639502979199,
          "upper": 0.8748972109850067,
          "std": 0.020257833775503158
        },
        "ece": {
          "point": 0.028002907398709056,
          "lower": 0.022688987818707696,
          "upper": 0.04076724296890744,
          "std": 0.004717855905542778
        },
        "brier": {
          "point": 0.04997271851218996,
          "lower": 0.04151405019200654,
          "upper": 0.05864278019133475,
          "std": 0.004386496395994529
        },
        "conf_on_incorrect": {
          "point": 0.8643807322492504,
          "lower": 0.8386580606629023,
          "upper": 0.8890494561901358,
          "std": 0.013013083362740905
        }
      },